step,total_load_N,max_DCR,all_members_safe
1.000000000000000000e+00,1.674875868694307792e+04,3.976355111135543297e-02,1.000000000000000000e+00
2.000000000000000000e+00,3.349751737388615584e+04,7.952733772573100657e-02,1.000000000000000000e+00
3.000000000000000000e+00,5.024627606082923012e+04,1.192913249584162810e-01,1.000000000000000000e+00
4.000000000000000000e+00,6.699503474777231168e+04,1.590554783255677951e-01,1.000000000000000000e+00
5.000000000000000000e+00,8.374379343471539323e+04,1.988197630184132536e-01,1.000000000000000000e+00
